{"max": [1.34, 0.65, 0.77], "centroid": [0.9294258160427903, 0.3681777051693454, 0.3900041147950119], "id": "ab4fd3bdd8c1dede578d107c71db28ac", "numVertices": 5610, "min": [0.52, 0.0, 0.0]}
