{"max": [0.5349, 0.827784, 0.56375], "centroid": [0.2874811634384389, 0.4842836970094786, 0.33874732861711715], "id": "478074fa4b2b604b6c0c723d8da50cff", "numVertices": 1332, "min": [0.0400624, 0.0, 0.0]}
